customer_id,merchant_id,amount,transaction_type,merchant_category,timestamp,location,is_fraud
1102,464,71.61226604546555,withdrawal,entertainment,2024-01-01 00:00:00,Los Angeles,0
1435,104,100.70434253104662,withdrawal,gas,2024-01-01 01:00:00,Miami,0
1860,218,69.7789832185992,purchase,online,2024-01-01 02:00:00,Miami,0
1270,388,66.99371458644325,withdrawal,entertainment,2024-01-01 03:00:00,Los Angeles,0
1106,473,3593.8582276009483,transfer,online,2024-01-01 04:00:00,Miami,1
1071,164,79.86101958130321,purchase,online,2024-01-01 05:00:00,New York,0
1700,245,18.63470877306395,purchase,gas,2024-01-01 06:00:00,Los Angeles,0
1020,323,116.37731590260766,transfer,restaurant,2024-01-01 07:00:00,Houston,0
1614,338,112.72516610714678,withdrawal,entertainment,2024-01-01 08:00:00,Los Angeles,0
1121,276,11.4841755771511,purchase,gas,2024-01-01 09:00:00,Chicago,0
1466,366,4720.6608114502,transfer,online,2024-01-01 10:00:00,Houston,1
1214,440,16.898195370187782,transfer,gas,2024-01-01 11:00:00,Chicago,0
1330,381,30.40734912546543,withdrawal,restaurant,2024-01-01 12:00:00,Houston,0
1458,162,78.03294015803708,withdrawal,travel,2024-01-01 13:00:00,Miami,0
1087,316,18.76292173647816,transfer,entertainment,2024-01-01 14:00:00,Los Angeles,0
1372,441,95.17837110792861,purchase,restaurant,2024-01-01 15:00:00,New York,0
1099,414,99.2295148506112,transfer,groceries,2024-01-01 16:00:00,Houston,0
1871,382,45.40976526547985,withdrawal,entertainment,2024-01-01 17:00:00,Houston,0
1663,276,10.320317430870759,purchase,restaurant,2024-01-01 18:00:00,Chicago,0
1130,197,26.916367135592754,purchase,online,2024-01-01 19:00:00,Miami,0
1661,204,57.97647471818692,transfer,entertainment,2024-01-01 20:00:00,Chicago,0
1308,198,208.6581733987204,withdrawal,entertainment,2024-01-01 21:00:00,Chicago,0
1769,484,59.95828745445317,transfer,gas,2024-01-01 22:00:00,Miami,0
1343,410,25.04198485050585,transfer,online,2024-01-01 23:00:00,New York,0
1491,105,60.25687639707752,transfer,groceries,2024-01-02 00:00:00,Chicago,0
1413,296,48.824850338883564,purchase,travel,2024-01-02 01:00:00,Chicago,0
1805,450,85.67126150647327,purchase,restaurant,2024-01-02 02:00:00,Houston,0
1385,232,15.657350864791454,withdrawal,gas,2024-01-02 03:00:00,Miami,0
1191,457,81.57042403682414,withdrawal,restaurant,2024-01-02 04:00:00,Los Angeles,0
1955,358,3667.709789834723,transfer,groceries,2024-01-02 05:00:00,New York,1
1276,122,174.83106388838328,transfer,groceries,2024-01-02 06:00:00,New York,0
1160,152,30.91780449945556,transfer,entertainment,2024-01-02 07:00:00,Miami,0
1459,264,60.068184867251155,withdrawal,groceries,2024-01-02 08:00:00,Houston,0
1313,301,144.43304877842758,purchase,restaurant,2024-01-02 09:00:00,Houston,0
1021,182,15.40764988326373,purchase,online,2024-01-02 10:00:00,Miami,0
1252,244,148.4126963419384,transfer,online,2024-01-02 11:00:00,Houston,0
1747,184,68.21929417789845,transfer,entertainment,2024-01-02 12:00:00,New York,0
1856,177,13.512382514555416,transfer,travel,2024-01-02 13:00:00,New York,0
1560,465,27.90262082141199,transfer,restaurant,2024-01-02 14:00:00,Los Angeles,0
1474,100,3110.3518930886626,transfer,restaurant,2024-01-02 15:00:00,Miami,1
1058,150,13.486296369738065,purchase,groceries,2024-01-02 16:00:00,Chicago,0
1510,272,53.634086454748186,transfer,restaurant,2024-01-02 17:00:00,Chicago,0
1681,304,31.223456575568058,withdrawal,gas,2024-01-02 18:00:00,Los Angeles,0
1475,359,58.49980952374174,transfer,travel,2024-01-02 19:00:00,Los Angeles,0
1699,468,12.341061963897742,transfer,groceries,2024-01-02 20:00:00,Houston,0
1975,387,112.60564224384564,purchase,gas,2024-01-02 21:00:00,Los Angeles,0
1782,133,191.50971875721706,transfer,entertainment,2024-01-02 22:00:00,Los Angeles,0
1189,447,183.49178322458755,purchase,online,2024-01-02 23:00:00,Chicago,0
1957,194,79.2451328480615,purchase,entertainment,2024-01-03 00:00:00,Houston,0
1686,171,16.96805994169029,purchase,online,2024-01-03 01:00:00,Los Angeles,0
1957,138,80.995286558018,withdrawal,entertainment,2024-01-03 02:00:00,Los Angeles,0
1562,253,11.244711114125565,withdrawal,restaurant,2024-01-03 03:00:00,Houston,0
1875,349,11.118597386723692,purchase,gas,2024-01-03 04:00:00,Miami,0
1566,261,29.54928851086151,transfer,online,2024-01-03 05:00:00,Houston,0
1243,217,43.534383746084,purchase,groceries,2024-01-03 06:00:00,Chicago,0
1831,358,83.57244612919284,transfer,gas,2024-01-03 07:00:00,Miami,0
1504,478,67.48928634454094,purchase,groceries,2024-01-03 08:00:00,New York,0
1130,405,39.52074936978543,transfer,gas,2024-01-03 09:00:00,Houston,0
1484,367,25.98455812792035,withdrawal,gas,2024-01-03 10:00:00,Chicago,0
1818,153,2574.5420811097683,transfer,entertainment,2024-01-03 11:00:00,Miami,1
1646,335,37.77208950550171,purchase,online,2024-01-03 12:00:00,Houston,0
1020,488,40.01810242122714,withdrawal,online,2024-01-03 13:00:00,Los Angeles,0
1840,321,18.933839622727785,transfer,gas,2024-01-03 14:00:00,Houston,0
1166,350,89.19083503186542,transfer,restaurant,2024-01-03 15:00:00,New York,0
1273,412,69.15661190182868,transfer,restaurant,2024-01-03 16:00:00,Houston,0
1387,211,22.472426472658796,transfer,groceries,2024-01-03 17:00:00,Miami,0
1600,354,14.298652845118935,transfer,groceries,2024-01-03 18:00:00,Miami,0
1315,402,67.04979103686202,withdrawal,entertainment,2024-01-03 19:00:00,Houston,0
1013,306,63.13975472115715,withdrawal,gas,2024-01-03 20:00:00,Miami,0
1241,328,25.959292433686983,withdrawal,groceries,2024-01-03 21:00:00,Los Angeles,0
1776,440,160.65772031925547,withdrawal,groceries,2024-01-03 22:00:00,Houston,0
1345,497,18.188214159732542,purchase,travel,2024-01-03 23:00:00,Los Angeles,0
1564,165,38.31117362517058,withdrawal,gas,2024-01-04 00:00:00,Los Angeles,0
1897,174,153.77842163998272,transfer,entertainment,2024-01-04 01:00:00,Chicago,0
1339,202,37.212857134677506,transfer,groceries,2024-01-04 02:00:00,Houston,0
1091,291,60.878250886505135,withdrawal,entertainment,2024-01-04 03:00:00,Miami,0
1366,351,35.34121515045698,transfer,online,2024-01-04 04:00:00,Los Angeles,0
1955,325,26.025086503344063,withdrawal,entertainment,2024-01-04 05:00:00,Chicago,0
1454,393,216.6885264565887,transfer,restaurant,2024-01-04 06:00:00,Houston,0
1427,405,36.32522879227116,purchase,restaurant,2024-01-04 07:00:00,Houston,0
1508,197,122.26262534240661,purchase,entertainment,2024-01-04 08:00:00,New York,0
1775,437,23.065290624194525,withdrawal,restaurant,2024-01-04 09:00:00,New York,0
1942,385,21.983004068942897,withdrawal,online,2024-01-04 10:00:00,Los Angeles,0
1034,434,11.58145245477775,withdrawal,gas,2024-01-04 11:00:00,New York,0
1205,446,62.72979294379948,transfer,restaurant,2024-01-04 12:00:00,Los Angeles,0
1080,407,2360.0175442395685,transfer,restaurant,2024-01-04 13:00:00,Miami,1
1931,348,109.88690294133968,purchase,entertainment,2024-01-04 14:00:00,Los Angeles,0
1561,265,42.04765573514069,transfer,online,2024-01-04 15:00:00,New York,0
1871,434,182.40411706004005,withdrawal,gas,2024-01-04 16:00:00,Miami,0
1387,129,20.26060891304192,transfer,entertainment,2024-01-04 17:00:00,New York,0
1001,346,111.48427523649552,transfer,entertainment,2024-01-04 18:00:00,Los Angeles,0
1389,205,84.93886523371488,withdrawal,travel,2024-01-04 19:00:00,Chicago,0
1565,150,83.68460219450182,transfer,online,2024-01-04 20:00:00,Houston,0
1105,180,103.14663054072945,purchase,gas,2024-01-04 21:00:00,New York,0
1771,232,81.56960563018635,purchase,online,2024-01-04 22:00:00,Los Angeles,0
1821,384,59.20443752117819,transfer,gas,2024-01-04 23:00:00,Miami,0
1476,487,17.034699296379124,withdrawal,online,2024-01-05 00:00:00,New York,0
1702,237,11.653345667499286,transfer,entertainment,2024-01-05 01:00:00,New York,0
1401,283,136.8191650907132,purchase,entertainment,2024-01-05 02:00:00,Houston,0
1729,429,57.94038447153901,transfer,groceries,2024-01-05 03:00:00,Los Angeles,0
1555,372,89.61362694658197,transfer,restaurant,2024-01-05 04:00:00,Chicago,0
1161,439,42.84291801348973,purchase,travel,2024-01-05 05:00:00,Miami,0
1201,168,16.238958208700403,transfer,online,2024-01-05 06:00:00,Los Angeles,0
1957,133,16.687187455816918,transfer,travel,2024-01-05 07:00:00,Miami,0
1995,361,67.84894074723556,withdrawal,groceries,2024-01-05 08:00:00,New York,0
1269,152,38.13278599620951,withdrawal,restaurant,2024-01-05 09:00:00,Houston,0
1862,304,21.189983744581806,purchase,online,2024-01-05 10:00:00,Houston,0
1815,225,43.82380067046655,purchase,gas,2024-01-05 11:00:00,Chicago,0
1270,334,13.318152539672983,purchase,restaurant,2024-01-05 12:00:00,Houston,0
1455,142,53.61027161624753,withdrawal,entertainment,2024-01-05 13:00:00,New York,0
1461,339,25.66663983062287,purchase,groceries,2024-01-05 14:00:00,Chicago,0
1726,470,89.8653645015981,purchase,restaurant,2024-01-05 15:00:00,Los Angeles,0
1251,210,28.57941985900969,purchase,restaurant,2024-01-05 16:00:00,Houston,0
1701,348,40.368675459765626,withdrawal,entertainment,2024-01-05 17:00:00,Chicago,0
1295,250,10.584429302546544,transfer,online,2024-01-05 18:00:00,New York,0
1724,282,13.760261115334893,purchase,gas,2024-01-05 19:00:00,Miami,0
1719,435,34.91962485428586,transfer,entertainment,2024-01-05 20:00:00,Miami,0
1748,194,42.690442439000634,purchase,gas,2024-01-05 21:00:00,New York,0
1337,473,55.81710517459567,transfer,online,2024-01-05 22:00:00,New York,0
1878,499,27.24173575372291,withdrawal,restaurant,2024-01-05 23:00:00,Miami,0
1052,107,69.3692057194593,withdrawal,gas,2024-01-06 00:00:00,Chicago,0
1791,487,108.34937522015511,purchase,groceries,2024-01-06 01:00:00,Miami,0
1921,459,85.67253193487853,transfer,groceries,2024-01-06 02:00:00,New York,0
1216,487,12.021250819885157,withdrawal,entertainment,2024-01-06 03:00:00,Houston,0
1763,283,42.74509207510541,purchase,online,2024-01-06 04:00:00,Los Angeles,0
1187,380,15.542677540477307,purchase,entertainment,2024-01-06 05:00:00,Houston,0
1379,294,23.85656413923591,withdrawal,entertainment,2024-01-06 06:00:00,Houston,0
1492,451,225.85913276147167,withdrawal,travel,2024-01-06 07:00:00,New York,0
1040,294,17.686445108652933,purchase,entertainment,2024-01-06 08:00:00,Miami,0
1156,254,44.54629781045037,transfer,travel,2024-01-06 09:00:00,Chicago,0
1014,192,58.137121748064324,transfer,groceries,2024-01-06 10:00:00,Houston,0
1812,259,70.61116574288691,transfer,groceries,2024-01-06 11:00:00,Miami,0
1064,160,2721.386129488802,transfer,entertainment,2024-01-06 12:00:00,Chicago,1
1856,221,10.490944769228161,withdrawal,groceries,2024-01-06 13:00:00,Houston,0
1838,150,29.760491799893007,purchase,online,2024-01-06 14:00:00,Chicago,0
1520,376,46.460654678634164,withdrawal,travel,2024-01-06 15:00:00,Miami,0
1343,104,14.598445855202536,transfer,travel,2024-01-06 16:00:00,Los Angeles,0
1128,191,2893.742637500086,transfer,entertainment,2024-01-06 17:00:00,Miami,1
1647,269,11.688342285276203,withdrawal,groceries,2024-01-06 18:00:00,New York,0
1471,416,14.091884480404364,withdrawal,gas,2024-01-06 19:00:00,Chicago,0
1062,121,35.28554267677974,purchase,travel,2024-01-06 20:00:00,Los Angeles,0
1138,425,4262.981522504484,transfer,entertainment,2024-01-06 21:00:00,Chicago,1
1498,100,51.91337019590603,purchase,entertainment,2024-01-06 22:00:00,Chicago,0
1592,232,68.4729281579217,purchase,online,2024-01-06 23:00:00,Houston,0
1391,332,90.61878595553796,purchase,restaurant,2024-01-07 00:00:00,New York,0
1674,111,21.16656871289236,transfer,restaurant,2024-01-07 01:00:00,Chicago,0
1418,445,19.16505675675385,purchase,travel,2024-01-07 02:00:00,Miami,0
1288,145,15.522440864253785,purchase,online,2024-01-07 03:00:00,Miami,0
1378,133,60.58920573520652,purchase,online,2024-01-07 04:00:00,Houston,0
1772,177,71.28974697557997,purchase,online,2024-01-07 05:00:00,New York,0
1489,317,11.604787336801605,purchase,travel,2024-01-07 06:00:00,New York,0
1230,400,147.60970272244543,purchase,restaurant,2024-01-07 07:00:00,Miami,0
1040,172,12.6685242839504,transfer,online,2024-01-07 08:00:00,Los Angeles,0
1027,381,48.9675444047811,purchase,groceries,2024-01-07 09:00:00,Houston,0
1134,348,71.73200020306196,withdrawal,entertainment,2024-01-07 10:00:00,Houston,0
1200,146,1785.9478678248447,transfer,entertainment,2024-01-07 11:00:00,Miami,1
1839,220,72.60337364360132,purchase,gas,2024-01-07 12:00:00,Miami,0
1779,313,90.9057936298363,transfer,gas,2024-01-07 13:00:00,Los Angeles,0
1929,338,30.73413745732168,transfer,travel,2024-01-07 14:00:00,Los Angeles,0
1032,155,94.32272846739617,withdrawal,travel,2024-01-07 15:00:00,New York,0
1047,449,14.175322487908133,withdrawal,entertainment,2024-01-07 16:00:00,Houston,0
1502,206,122.60251593926081,transfer,groceries,2024-01-07 17:00:00,Houston,0
1406,418,49.65858414394647,transfer,restaurant,2024-01-07 18:00:00,Miami,0
1573,147,94.99488048327594,purchase,restaurant,2024-01-07 19:00:00,New York,0
1727,160,40.103048596752316,transfer,travel,2024-01-07 20:00:00,Houston,0
1804,436,61.58195008600443,withdrawal,groceries,2024-01-07 21:00:00,New York,0
1098,125,47.36989069793848,purchase,travel,2024-01-07 22:00:00,New York,0
1683,391,75.76189174934603,withdrawal,restaurant,2024-01-07 23:00:00,Miami,0
1871,356,14.257744994447808,purchase,travel,2024-01-08 00:00:00,New York,0
1725,107,13.112501565950755,transfer,online,2024-01-08 01:00:00,Los Angeles,0
1986,212,24.19135787699582,withdrawal,travel,2024-01-08 02:00:00,Los Angeles,0
1546,454,18.690574325757503,purchase,entertainment,2024-01-08 03:00:00,Chicago,0
1960,352,112.70177785011991,purchase,travel,2024-01-08 04:00:00,Miami,0
1738,279,3294.25312010684,transfer,entertainment,2024-01-08 05:00:00,Chicago,1
1612,306,196.20514047170468,transfer,groceries,2024-01-08 06:00:00,Los Angeles,0
1942,402,2288.270140782919,transfer,restaurant,2024-01-08 07:00:00,Chicago,1
1461,226,20.051855198942643,withdrawal,gas,2024-01-08 08:00:00,Miami,0
1642,155,87.96065487971737,purchase,gas,2024-01-08 09:00:00,Miami,0
1768,313,63.750810267075934,transfer,restaurant,2024-01-08 10:00:00,New York,0
1004,113,44.47725543617169,withdrawal,gas,2024-01-08 11:00:00,Houston,0
1217,127,50.524914955781036,withdrawal,travel,2024-01-08 12:00:00,New York,0
1502,177,73.50594698644832,withdrawal,groceries,2024-01-08 13:00:00,Miami,0
1766,315,22.967997284335336,transfer,groceries,2024-01-08 14:00:00,Los Angeles,0
1397,485,290.4315616023852,transfer,restaurant,2024-01-08 15:00:00,Los Angeles,0
1870,464,194.03199889450474,purchase,gas,2024-01-08 16:00:00,New York,0
1794,253,62.53765450662784,purchase,travel,2024-01-08 17:00:00,Miami,0
1392,113,21.128588923444667,transfer,groceries,2024-01-08 18:00:00,Los Angeles,0
1206,286,67.00738976376843,withdrawal,groceries,2024-01-08 19:00:00,Miami,0
1014,411,13.746868591714664,withdrawal,online,2024-01-08 20:00:00,Los Angeles,0
1857,470,11.556605826180974,withdrawal,online,2024-01-08 21:00:00,Miami,0
1553,106,24.898937656944828,purchase,groceries,2024-01-08 22:00:00,Chicago,0
1891,102,41.05276509367195,withdrawal,restaurant,2024-01-08 23:00:00,Miami,0
1460,210,111.35099625954203,purchase,entertainment,2024-01-09 00:00:00,Miami,0
1690,337,74.94514894089446,purchase,entertainment,2024-01-09 01:00:00,New York,0
1574,462,77.8768952374661,withdrawal,travel,2024-01-09 02:00:00,Chicago,0
1863,338,37.712178970370694,withdrawal,groceries,2024-01-09 03:00:00,Houston,0
1742,373,31.22742663447413,transfer,groceries,2024-01-09 04:00:00,New York,0
1240,393,33.18428252736486,transfer,groceries,2024-01-09 05:00:00,Houston,0
1563,326,229.70319457582522,withdrawal,restaurant,2024-01-09 06:00:00,Los Angeles,0
1095,470,12.046787102196433,purchase,online,2024-01-09 07:00:00,Houston,0
1899,114,110.88214958778694,purchase,groceries,2024-01-09 08:00:00,Miami,0
1733,291,1352.537723906766,transfer,groceries,2024-01-09 09:00:00,Houston,1
1484,218,38.86745405173298,purchase,gas,2024-01-09 10:00:00,New York,0
1406,127,4901.64147073898,transfer,restaurant,2024-01-09 11:00:00,New York,1
1230,301,43.3417151799607,transfer,travel,2024-01-09 12:00:00,Houston,0
1748,138,113.34531706338834,withdrawal,groceries,2024-01-09 13:00:00,New York,0
1654,372,125.48142398101872,transfer,gas,2024-01-09 14:00:00,New York,0
1170,330,37.384935067701235,purchase,entertainment,2024-01-09 15:00:00,Houston,0
1540,185,26.205395354257096,purchase,travel,2024-01-09 16:00:00,Chicago,0
1035,225,54.867356097045466,purchase,groceries,2024-01-09 17:00:00,Chicago,0
1524,399,131.72779697617995,purchase,groceries,2024-01-09 18:00:00,Los Angeles,0
1159,124,21.828044947501226,withdrawal,gas,2024-01-09 19:00:00,New York,0
1838,244,58.77107288497878,purchase,restaurant,2024-01-09 20:00:00,Houston,0
1698,112,59.92390001127717,withdrawal,groceries,2024-01-09 21:00:00,New York,0
1242,311,76.04650075634278,purchase,entertainment,2024-01-09 22:00:00,Miami,0
1085,124,17.05328148513302,withdrawal,groceries,2024-01-09 23:00:00,New York,0
1795,167,72.9082454563555,transfer,entertainment,2024-01-10 00:00:00,New York,0
1577,493,129.86266031446223,purchase,travel,2024-01-10 01:00:00,Chicago,0
1681,166,19.903228039007228,withdrawal,travel,2024-01-10 02:00:00,Houston,0
1556,332,23.5604795843581,transfer,online,2024-01-10 03:00:00,New York,0
1573,208,187.7088519430756,purchase,online,2024-01-10 04:00:00,Chicago,0
1952,245,19.982152737757893,purchase,entertainment,2024-01-10 05:00:00,Los Angeles,0
1645,210,1211.306745458888,transfer,restaurant,2024-01-10 06:00:00,Chicago,1
1795,327,43.89104712767745,withdrawal,groceries,2024-01-10 07:00:00,Chicago,0
1027,210,24.199848499718524,withdrawal,groceries,2024-01-10 08:00:00,Chicago,0
1619,133,112.30030008724245,transfer,online,2024-01-10 09:00:00,New York,0
1555,210,39.46686627799779,withdrawal,entertainment,2024-01-10 10:00:00,New York,0
1339,363,46.161493455055904,withdrawal,groceries,2024-01-10 11:00:00,Los Angeles,0
1797,468,32.2544979588904,purchase,groceries,2024-01-10 12:00:00,Miami,0
1957,335,54.94106713425393,purchase,restaurant,2024-01-10 13:00:00,Miami,0
1330,182,18.927864880881568,purchase,gas,2024-01-10 14:00:00,Miami,0
1639,141,34.803545318173676,purchase,online,2024-01-10 15:00:00,Los Angeles,0
1505,200,184.35790209105718,purchase,online,2024-01-10 16:00:00,Miami,0
1347,105,24.92929402120031,purchase,gas,2024-01-10 17:00:00,Miami,0
1472,279,63.46286922585514,purchase,groceries,2024-01-10 18:00:00,Chicago,0
1230,381,29.666210219446352,transfer,restaurant,2024-01-10 19:00:00,New York,0
1189,419,84.24458453535824,transfer,restaurant,2024-01-10 20:00:00,New York,0
1224,325,1165.9893020396255,transfer,online,2024-01-10 21:00:00,Chicago,1
1384,414,185.03052272122,transfer,restaurant,2024-01-10 22:00:00,Chicago,0
1376,464,40.23754610823689,purchase,travel,2024-01-10 23:00:00,Chicago,0
1282,328,23.46267717488601,transfer,gas,2024-01-11 00:00:00,New York,0
1957,476,2311.371351543273,transfer,groceries,2024-01-11 01:00:00,Miami,1
1632,388,3910.5245507987547,transfer,travel,2024-01-11 02:00:00,Chicago,1
1627,249,46.674917271479075,withdrawal,gas,2024-01-11 03:00:00,Los Angeles,0
1972,376,30.549253990258332,transfer,entertainment,2024-01-11 04:00:00,Chicago,0
1744,297,98.27049420610787,transfer,online,2024-01-11 05:00:00,Houston,0
1258,169,38.18385953427962,purchase,restaurant,2024-01-11 06:00:00,Chicago,0
1358,211,24.29846184879255,transfer,entertainment,2024-01-11 07:00:00,New York,0
1709,103,58.00494582867339,withdrawal,restaurant,2024-01-11 08:00:00,Chicago,0
1455,449,71.34113034796724,purchase,travel,2024-01-11 09:00:00,Houston,0
1410,430,19.13859738429234,purchase,groceries,2024-01-11 10:00:00,Los Angeles,0
1648,417,19.173263506538035,transfer,groceries,2024-01-11 11:00:00,Miami,0
1317,449,11.868036400474137,purchase,groceries,2024-01-11 12:00:00,Chicago,0
1676,194,76.66650603949171,purchase,restaurant,2024-01-11 13:00:00,Houston,0
1224,251,64.50312625735495,purchase,entertainment,2024-01-11 14:00:00,Houston,0
1818,410,42.182708481764635,purchase,groceries,2024-01-11 15:00:00,Los Angeles,0
1233,236,102.94962453380751,purchase,entertainment,2024-01-11 16:00:00,New York,0
1683,346,91.90991605846757,purchase,restaurant,2024-01-11 17:00:00,Chicago,0
1663,486,54.016550681796076,withdrawal,travel,2024-01-11 18:00:00,Houston,0
1974,342,111.35053132645014,transfer,entertainment,2024-01-11 19:00:00,Los Angeles,0
1826,130,21.523592518528677,withdrawal,travel,2024-01-11 20:00:00,Miami,0
1373,139,15.934651069514228,purchase,restaurant,2024-01-11 21:00:00,Houston,0
1671,328,25.718390286405395,purchase,restaurant,2024-01-11 22:00:00,Los Angeles,0
1607,135,12.939055336498136,transfer,online,2024-01-11 23:00:00,New York,0
1471,322,47.87570214169719,withdrawal,restaurant,2024-01-12 00:00:00,New York,0
1232,105,147.91906027009833,transfer,restaurant,2024-01-12 01:00:00,Houston,0
1691,421,12.006920820469112,withdrawal,gas,2024-01-12 02:00:00,Houston,0
1112,319,16.51169399915584,purchase,groceries,2024-01-12 03:00:00,Chicago,0
1829,174,40.092162415096546,transfer,online,2024-01-12 04:00:00,Los Angeles,0
1496,103,145.81043269379973,transfer,online,2024-01-12 05:00:00,Houston,0
1441,434,29.00128055283935,purchase,online,2024-01-12 06:00:00,Chicago,0
1563,233,45.386125188567256,transfer,gas,2024-01-12 07:00:00,Chicago,0
1267,217,12.123086650052585,withdrawal,travel,2024-01-12 08:00:00,Houston,0
1509,468,18.028582566820944,withdrawal,restaurant,2024-01-12 09:00:00,New York,0
1806,193,225.73755422666895,withdrawal,groceries,2024-01-12 10:00:00,Los Angeles,0
1385,161,177.79021539099546,withdrawal,entertainment,2024-01-12 11:00:00,Los Angeles,0
1386,293,10.24761114869138,purchase,travel,2024-01-12 12:00:00,New York,0
1112,434,161.63203993394077,transfer,restaurant,2024-01-12 13:00:00,Houston,0
1612,302,60.96048067842504,withdrawal,gas,2024-01-12 14:00:00,Los Angeles,0
1624,491,111.21672834882554,purchase,restaurant,2024-01-12 15:00:00,Houston,0
1951,125,40.324613454600474,transfer,restaurant,2024-01-12 16:00:00,Houston,0
1080,272,46.24180343488855,transfer,gas,2024-01-12 17:00:00,Chicago,0
1698,399,43.554274975443,purchase,online,2024-01-12 18:00:00,New York,0
1112,232,64.96026185327918,purchase,online,2024-01-12 19:00:00,Houston,0
1001,425,17.520872710472858,withdrawal,groceries,2024-01-12 20:00:00,Miami,0
1641,217,11.521599045998563,transfer,groceries,2024-01-12 21:00:00,New York,0
1219,423,28.403404400689045,transfer,online,2024-01-12 22:00:00,Los Angeles,0
1565,374,70.98491737704197,purchase,travel,2024-01-12 23:00:00,Chicago,0
1854,311,21.27315272183052,transfer,entertainment,2024-01-13 00:00:00,Los Angeles,0
1996,324,65.95592046659895,withdrawal,restaurant,2024-01-13 01:00:00,Los Angeles,0
1735,119,185.1815195114605,transfer,entertainment,2024-01-13 02:00:00,New York,0
1224,212,14.930319686089348,purchase,restaurant,2024-01-13 03:00:00,Los Angeles,0
1384,239,65.8289541952268,purchase,online,2024-01-13 04:00:00,Houston,0
1402,146,39.32689198785867,withdrawal,groceries,2024-01-13 05:00:00,Los Angeles,0
1637,100,111.30158110967582,withdrawal,travel,2024-01-13 06:00:00,Chicago,0
1129,189,19.74905495293219,transfer,groceries,2024-01-13 07:00:00,Chicago,0
1052,241,68.9844938190177,transfer,entertainment,2024-01-13 08:00:00,Miami,0
1683,419,101.04354307988228,purchase,groceries,2024-01-13 09:00:00,Chicago,0
1729,137,154.67161936901365,withdrawal,online,2024-01-13 10:00:00,Los Angeles,0
1671,392,2211.1005130878684,transfer,travel,2024-01-13 11:00:00,Chicago,1
1709,481,44.37563063057698,withdrawal,entertainment,2024-01-13 12:00:00,New York,0
1415,238,58.09674277754708,transfer,travel,2024-01-13 13:00:00,Chicago,0
1246,455,111.59164546839557,withdrawal,restaurant,2024-01-13 14:00:00,Houston,0
1835,432,52.26945460345029,purchase,groceries,2024-01-13 15:00:00,New York,0
1438,358,11.54291588669526,purchase,travel,2024-01-13 16:00:00,Miami,0
1202,260,143.64527536495865,transfer,gas,2024-01-13 17:00:00,Houston,0
1183,489,68.4828768005575,transfer,groceries,2024-01-13 18:00:00,Los Angeles,0
1122,277,66.42987719397445,withdrawal,restaurant,2024-01-13 19:00:00,Los Angeles,0
1400,109,22.146599900901197,transfer,travel,2024-01-13 20:00:00,Los Angeles,0
1766,360,63.776849683404436,purchase,entertainment,2024-01-13 21:00:00,Houston,0
1293,237,35.032578244792944,withdrawal,restaurant,2024-01-13 22:00:00,Houston,0
1279,271,62.66755678436182,purchase,gas,2024-01-13 23:00:00,Houston,0
1836,485,15.635653439134803,withdrawal,travel,2024-01-14 00:00:00,New York,0
1883,112,63.62461592329283,transfer,online,2024-01-14 01:00:00,New York,0
1609,267,382.0861454852203,withdrawal,groceries,2024-01-14 02:00:00,Los Angeles,0
1197,229,12.470649944715035,withdrawal,entertainment,2024-01-14 03:00:00,Chicago,0
1981,183,198.99315562811142,purchase,online,2024-01-14 04:00:00,Los Angeles,0
1906,420,36.12028412272986,purchase,travel,2024-01-14 05:00:00,Miami,0
1510,418,112.30167305078766,withdrawal,travel,2024-01-14 06:00:00,New York,0
1751,200,86.25150284671463,transfer,restaurant,2024-01-14 07:00:00,Houston,0
1143,428,51.85275529632762,transfer,travel,2024-01-14 08:00:00,New York,0
1608,372,77.05633929263293,purchase,entertainment,2024-01-14 09:00:00,Houston,0
1200,364,115.39845504791698,transfer,online,2024-01-14 10:00:00,Miami,0
1123,498,35.88750393243514,purchase,entertainment,2024-01-14 11:00:00,Miami,0
1186,137,29.802961239550324,transfer,gas,2024-01-14 12:00:00,New York,0
1325,193,3904.339405935402,transfer,gas,2024-01-14 13:00:00,Houston,1
1463,194,92.47289214855367,purchase,groceries,2024-01-14 14:00:00,Miami,0
1348,404,81.8341684410256,purchase,groceries,2024-01-14 15:00:00,Los Angeles,0
1770,168,89.92827382238877,withdrawal,gas,2024-01-14 16:00:00,Los Angeles,0
1659,417,38.598124837094325,purchase,travel,2024-01-14 17:00:00,Houston,0
1763,335,95.14190531929316,transfer,entertainment,2024-01-14 18:00:00,New York,0
1954,433,16.403548132678573,transfer,gas,2024-01-14 19:00:00,Miami,0
1931,472,49.316781417214145,purchase,groceries,2024-01-14 20:00:00,New York,0
1402,475,10.288765275812693,transfer,gas,2024-01-14 21:00:00,Los Angeles,0
1345,236,29.621459547159393,purchase,travel,2024-01-14 22:00:00,Miami,0
1962,175,32.82172813145931,withdrawal,gas,2024-01-14 23:00:00,New York,0
1510,134,2035.6170991725585,transfer,entertainment,2024-01-15 00:00:00,Chicago,1
1146,100,69.44882510155722,withdrawal,online,2024-01-15 01:00:00,Houston,0
1147,395,34.596767135570325,transfer,travel,2024-01-15 02:00:00,Houston,0
1863,419,39.773229278196425,withdrawal,groceries,2024-01-15 03:00:00,Chicago,0
1710,159,23.560532436598898,transfer,entertainment,2024-01-15 04:00:00,Los Angeles,0
1819,419,33.36052002753381,purchase,gas,2024-01-15 05:00:00,Miami,0
1488,448,22.89125487665244,transfer,gas,2024-01-15 06:00:00,Houston,0
1928,427,13.800654412769362,purchase,online,2024-01-15 07:00:00,Chicago,0
1935,366,56.24747976592281,purchase,groceries,2024-01-15 08:00:00,Chicago,0
1639,460,65.16307375355345,withdrawal,groceries,2024-01-15 09:00:00,Los Angeles,0
1550,328,58.31218650742091,withdrawal,restaurant,2024-01-15 10:00:00,Los Angeles,0
1337,369,41.13388075084737,withdrawal,groceries,2024-01-15 11:00:00,New York,0
1871,415,33.884517238994995,withdrawal,online,2024-01-15 12:00:00,Houston,0
1640,385,109.51063609473775,transfer,restaurant,2024-01-15 13:00:00,New York,0
1778,390,46.60290274007968,transfer,restaurant,2024-01-15 14:00:00,Chicago,0
1987,312,42.61771957576247,transfer,gas,2024-01-15 15:00:00,Miami,0
1952,264,11.298827697100723,purchase,gas,2024-01-15 16:00:00,Miami,0
1472,104,30.870394070539884,transfer,groceries,2024-01-15 17:00:00,Los Angeles,0
1945,438,33.917568244940256,transfer,restaurant,2024-01-15 18:00:00,Miami,0
1150,478,35.443275709899964,transfer,gas,2024-01-15 19:00:00,Miami,0
1414,177,53.39555274326353,withdrawal,online,2024-01-15 20:00:00,Miami,0
1989,161,48.135855217643446,transfer,gas,2024-01-15 21:00:00,Chicago,0
1297,231,56.812567913740985,purchase,travel,2024-01-15 22:00:00,Miami,0
1610,188,82.38365643934405,withdrawal,travel,2024-01-15 23:00:00,Miami,0
1262,336,93.82852007425824,purchase,gas,2024-01-16 00:00:00,Miami,0
1763,141,73.31423719156955,transfer,restaurant,2024-01-16 01:00:00,New York,0
1143,188,165.63993625021027,withdrawal,restaurant,2024-01-16 02:00:00,Chicago,0
1345,395,10.920042229135001,purchase,entertainment,2024-01-16 03:00:00,Los Angeles,0
1623,427,20.89399553562565,transfer,travel,2024-01-16 04:00:00,New York,0
1571,394,10.379580926570785,purchase,online,2024-01-16 05:00:00,Houston,0
1880,203,62.13164632038758,purchase,restaurant,2024-01-16 06:00:00,Chicago,0
1001,113,124.15410050332385,purchase,groceries,2024-01-16 07:00:00,Chicago,0
1896,387,23.951467213888677,transfer,travel,2024-01-16 08:00:00,Houston,0
1303,278,140.88845831118593,transfer,online,2024-01-16 09:00:00,Houston,0
1253,224,13.107995096936031,purchase,online,2024-01-16 10:00:00,Houston,0
1651,452,146.2364461500059,withdrawal,restaurant,2024-01-16 11:00:00,Los Angeles,0
1452,122,31.66412396532692,withdrawal,online,2024-01-16 12:00:00,Miami,0
1036,162,15.347023069596844,transfer,restaurant,2024-01-16 13:00:00,Chicago,0
1159,242,43.26412744497058,transfer,gas,2024-01-16 14:00:00,Miami,0
1008,252,24.837928153908592,transfer,travel,2024-01-16 15:00:00,Miami,0
1232,244,26.764749629583097,transfer,entertainment,2024-01-16 16:00:00,Houston,0
1098,324,28.35718935806393,transfer,gas,2024-01-16 17:00:00,Los Angeles,0
1658,408,91.23415099827118,withdrawal,travel,2024-01-16 18:00:00,New York,0
1815,203,48.73535690691302,transfer,restaurant,2024-01-16 19:00:00,Los Angeles,0
1207,203,28.648034787672625,purchase,travel,2024-01-16 20:00:00,Miami,0
1130,138,57.12323804772562,purchase,restaurant,2024-01-16 21:00:00,Los Angeles,0
1403,297,72.96558623240506,withdrawal,gas,2024-01-16 22:00:00,Houston,0
1151,233,25.9155871104023,purchase,groceries,2024-01-16 23:00:00,New York,0
1053,166,36.68331669795511,withdrawal,groceries,2024-01-17 00:00:00,Houston,0
1119,490,16.498947976070028,withdrawal,travel,2024-01-17 01:00:00,New York,0
1672,278,19.992678386106938,purchase,groceries,2024-01-17 02:00:00,Miami,0
1919,141,67.14668463130852,transfer,restaurant,2024-01-17 03:00:00,New York,0
1627,114,20.01032807418236,purchase,online,2024-01-17 04:00:00,New York,0
1586,210,47.239224986605,purchase,restaurant,2024-01-17 05:00:00,New York,0
1624,256,71.72954997198428,withdrawal,online,2024-01-17 06:00:00,Los Angeles,0
1967,388,15.65154417602352,purchase,gas,2024-01-17 07:00:00,Los Angeles,0
1419,330,51.886943628407344,withdrawal,entertainment,2024-01-17 08:00:00,Miami,0
1421,256,24.823548004624207,transfer,online,2024-01-17 09:00:00,New York,0
1103,137,174.7431485903963,transfer,groceries,2024-01-17 10:00:00,Chicago,0
1851,196,43.038418566340354,transfer,restaurant,2024-01-17 11:00:00,Miami,0
1253,388,91.99293587176795,purchase,gas,2024-01-17 12:00:00,New York,0
1226,353,49.95056249968056,withdrawal,groceries,2024-01-17 13:00:00,New York,0
1111,295,12.219152463993307,transfer,gas,2024-01-17 14:00:00,Los Angeles,0
1509,185,4478.598739248686,transfer,entertainment,2024-01-17 15:00:00,Miami,1
1472,421,161.21002600623663,withdrawal,restaurant,2024-01-17 16:00:00,New York,0
1098,109,56.016421137691225,transfer,travel,2024-01-17 17:00:00,New York,0
1152,104,95.51511073538646,transfer,restaurant,2024-01-17 18:00:00,Miami,0
1860,222,117.79732650770167,withdrawal,entertainment,2024-01-17 19:00:00,Chicago,0
1913,429,22.94370329182501,transfer,restaurant,2024-01-17 20:00:00,Miami,0
1895,452,21.915704709007787,withdrawal,travel,2024-01-17 21:00:00,Miami,0
1877,217,57.20635323547652,withdrawal,online,2024-01-17 22:00:00,Chicago,0
1337,393,36.46887161667887,transfer,gas,2024-01-17 23:00:00,Miami,0
1705,496,101.5857491084462,purchase,travel,2024-01-18 00:00:00,New York,0
1821,258,125.14081768564279,transfer,groceries,2024-01-18 01:00:00,Miami,0
1162,402,31.803023921175736,purchase,entertainment,2024-01-18 02:00:00,Chicago,0
1719,327,23.516380730422153,withdrawal,online,2024-01-18 03:00:00,Houston,0
1956,464,4879.2754585351395,transfer,groceries,2024-01-18 04:00:00,Miami,1
1680,315,2366.5644507624074,transfer,groceries,2024-01-18 05:00:00,Los Angeles,1
1995,283,96.47144627595175,withdrawal,entertainment,2024-01-18 06:00:00,New York,0
1160,114,37.55966503777051,purchase,online,2024-01-18 07:00:00,New York,0
1579,256,65.06327516026852,purchase,groceries,2024-01-18 08:00:00,Los Angeles,0
1800,235,15.02060086455629,withdrawal,groceries,2024-01-18 09:00:00,Los Angeles,0
1397,360,58.88960345326871,purchase,online,2024-01-18 10:00:00,Miami,0
1276,256,40.05280689813925,transfer,restaurant,2024-01-18 11:00:00,Los Angeles,0
1815,146,54.16800520333024,transfer,groceries,2024-01-18 12:00:00,Houston,0
1915,423,19.196995746157896,withdrawal,gas,2024-01-18 13:00:00,Chicago,0
1503,431,76.75606523742663,withdrawal,online,2024-01-18 14:00:00,Los Angeles,0
1895,272,109.31471316059388,purchase,groceries,2024-01-18 15:00:00,Los Angeles,0
1391,229,22.214516334426968,purchase,entertainment,2024-01-18 16:00:00,Houston,0
1134,194,15.030510563140048,purchase,travel,2024-01-18 17:00:00,New York,0
1194,214,11.1961229965787,purchase,gas,2024-01-18 18:00:00,New York,0
1400,342,61.35713440247937,transfer,travel,2024-01-18 19:00:00,Miami,0
1639,391,56.709248666195904,transfer,travel,2024-01-18 20:00:00,Houston,0
1032,381,49.559770669178285,withdrawal,groceries,2024-01-18 21:00:00,Chicago,0
1687,398,23.194833147064443,purchase,gas,2024-01-18 22:00:00,Chicago,0
1459,382,34.78913325326026,purchase,gas,2024-01-18 23:00:00,Houston,0
1954,168,55.1288023769661,withdrawal,restaurant,2024-01-19 00:00:00,Chicago,0
1882,247,44.3350857495958,purchase,travel,2024-01-19 01:00:00,New York,0
1469,110,230.25665816906633,purchase,gas,2024-01-19 02:00:00,Chicago,0
1374,353,17.334580630766368,purchase,restaurant,2024-01-19 03:00:00,Chicago,0
1021,429,69.39587812102317,purchase,online,2024-01-19 04:00:00,Houston,0
1749,459,35.902480040519976,purchase,restaurant,2024-01-19 05:00:00,Houston,0
1669,137,37.94826628258579,withdrawal,entertainment,2024-01-19 06:00:00,Chicago,0
1037,233,73.22114307095265,purchase,groceries,2024-01-19 07:00:00,Los Angeles,0
1229,299,68.95362876599073,withdrawal,online,2024-01-19 08:00:00,Houston,0
1364,122,246.9693403932185,purchase,online,2024-01-19 09:00:00,Miami,0
1562,402,16.870906206829154,transfer,entertainment,2024-01-19 10:00:00,Miami,0
1437,445,15.49686250203277,transfer,restaurant,2024-01-19 11:00:00,New York,0
1775,401,74.4291382836771,transfer,groceries,2024-01-19 12:00:00,Chicago,0
1282,462,53.18336252339902,transfer,restaurant,2024-01-19 13:00:00,Los Angeles,0
1026,495,26.021329622501305,withdrawal,gas,2024-01-19 14:00:00,New York,0
1225,317,14.137534367389874,withdrawal,restaurant,2024-01-19 15:00:00,Chicago,0
1276,240,14.477543553195396,purchase,online,2024-01-19 16:00:00,Houston,0
1797,203,122.30592562327945,transfer,groceries,2024-01-19 17:00:00,Miami,0
1608,309,20.6514515929982,withdrawal,restaurant,2024-01-19 18:00:00,Los Angeles,0
1283,210,29.53164964737904,purchase,groceries,2024-01-19 19:00:00,Miami,0
1878,203,22.851591504781666,purchase,groceries,2024-01-19 20:00:00,Houston,0
1959,415,31.924961740521038,withdrawal,gas,2024-01-19 21:00:00,Chicago,0
1480,270,13.597568036581492,transfer,gas,2024-01-19 22:00:00,Houston,0
1452,455,46.60061610127674,purchase,online,2024-01-19 23:00:00,Houston,0
1828,423,13.500342318872068,transfer,entertainment,2024-01-20 00:00:00,Miami,0
1815,232,90.5611021079626,transfer,groceries,2024-01-20 01:00:00,Los Angeles,0
1658,475,23.3098653842103,transfer,entertainment,2024-01-20 02:00:00,Houston,0
1515,392,48.827734557429736,purchase,online,2024-01-20 03:00:00,Miami,0
1546,427,116.04614082448708,transfer,groceries,2024-01-20 04:00:00,Los Angeles,0
1191,226,62.616602020513206,purchase,groceries,2024-01-20 05:00:00,Chicago,0
1048,205,48.066781628736585,transfer,travel,2024-01-20 06:00:00,Chicago,0
1511,191,29.6028021242073,purchase,entertainment,2024-01-20 07:00:00,New York,0
1016,386,30.24840506119234,transfer,restaurant,2024-01-20 08:00:00,Miami,0
1171,477,65.35545752848681,withdrawal,gas,2024-01-20 09:00:00,Los Angeles,0
1219,492,266.9748337353652,transfer,restaurant,2024-01-20 10:00:00,Houston,0
1157,150,64.21168634826157,transfer,entertainment,2024-01-20 11:00:00,Chicago,0
1476,128,4418.189572808721,transfer,gas,2024-01-20 12:00:00,Los Angeles,1
1045,395,75.58727620964056,purchase,restaurant,2024-01-20 13:00:00,Miami,0
1372,396,41.29364639912045,transfer,travel,2024-01-20 14:00:00,New York,0
1517,313,13.101342174160877,withdrawal,gas,2024-01-20 15:00:00,Chicago,0
1098,366,51.31071300719805,withdrawal,groceries,2024-01-20 16:00:00,Los Angeles,0
1891,356,168.06017136476675,purchase,restaurant,2024-01-20 17:00:00,Los Angeles,0
1744,401,19.636958147035177,withdrawal,gas,2024-01-20 18:00:00,Los Angeles,0
1036,200,68.55993792341289,transfer,travel,2024-01-20 19:00:00,Miami,0
1279,445,3541.293386833284,transfer,gas,2024-01-20 20:00:00,Miami,1
1348,209,48.374971301322326,transfer,gas,2024-01-20 21:00:00,Miami,0
1496,281,15.083724185118044,purchase,travel,2024-01-20 22:00:00,Houston,0
1301,412,39.92558289229403,purchase,restaurant,2024-01-20 23:00:00,Los Angeles,0
1180,100,80.56283292712283,purchase,online,2024-01-21 00:00:00,Chicago,0
1606,418,31.352688074272706,purchase,restaurant,2024-01-21 01:00:00,Miami,0
1098,154,64.66806364380443,withdrawal,entertainment,2024-01-21 02:00:00,Miami,0
1699,470,89.34713214581751,transfer,travel,2024-01-21 03:00:00,Los Angeles,0
1992,498,140.98673463521044,transfer,restaurant,2024-01-21 04:00:00,Miami,0
1115,248,23.370584385777782,transfer,gas,2024-01-21 05:00:00,Houston,0
1190,408,35.48430664572674,purchase,travel,2024-01-21 06:00:00,Houston,0
1252,236,18.26826726612014,withdrawal,groceries,2024-01-21 07:00:00,Miami,0
1980,301,254.53274810240276,transfer,restaurant,2024-01-21 08:00:00,Los Angeles,0
1927,412,140.86545485792863,withdrawal,travel,2024-01-21 09:00:00,Los Angeles,0
1982,216,48.82177993995614,purchase,restaurant,2024-01-21 10:00:00,Los Angeles,0
1160,253,102.26854960309858,transfer,travel,2024-01-21 11:00:00,New York,0
1255,390,46.79834776491431,withdrawal,gas,2024-01-21 12:00:00,Miami,0
1322,162,58.85324243108654,purchase,groceries,2024-01-21 13:00:00,Los Angeles,0
1127,343,14.66744897715109,withdrawal,groceries,2024-01-21 14:00:00,Houston,0
1017,124,80.38007175778695,transfer,entertainment,2024-01-21 15:00:00,Chicago,0
1792,189,16.831866761445355,transfer,travel,2024-01-21 16:00:00,Chicago,0
1734,174,97.45443674676696,purchase,restaurant,2024-01-21 17:00:00,Los Angeles,0
1565,393,86.16945335093325,purchase,groceries,2024-01-21 18:00:00,Chicago,0
1569,485,71.67775345468044,purchase,groceries,2024-01-21 19:00:00,Chicago,0
1322,490,11.841518402577655,withdrawal,online,2024-01-21 20:00:00,New York,0
1871,309,28.057702002577507,withdrawal,online,2024-01-21 21:00:00,Houston,0
1685,446,25.266006958956375,withdrawal,groceries,2024-01-21 22:00:00,Houston,0
1791,116,3257.666351118991,transfer,travel,2024-01-21 23:00:00,New York,1
1625,227,14.586182028618882,transfer,entertainment,2024-01-22 00:00:00,New York,0
1287,463,148.1975650446037,transfer,groceries,2024-01-22 01:00:00,Chicago,0
1942,350,50.34965093815907,withdrawal,gas,2024-01-22 02:00:00,Miami,0
1853,278,28.22990609738011,withdrawal,restaurant,2024-01-22 03:00:00,Chicago,0
1662,281,35.290371555329955,transfer,entertainment,2024-01-22 04:00:00,New York,0
1961,251,39.63818011213151,transfer,gas,2024-01-22 05:00:00,Houston,0
1638,124,55.8888835110396,withdrawal,entertainment,2024-01-22 06:00:00,Chicago,0
1154,279,46.25041260227198,withdrawal,gas,2024-01-22 07:00:00,Miami,0
1489,297,135.90785232588235,transfer,restaurant,2024-01-22 08:00:00,Chicago,0
1385,443,44.35462564603948,purchase,restaurant,2024-01-22 09:00:00,Los Angeles,0
1985,260,252.41316326801177,withdrawal,online,2024-01-22 10:00:00,Chicago,0
1784,276,105.33325566641402,transfer,travel,2024-01-22 11:00:00,New York,0
1103,384,21.691934191971594,transfer,gas,2024-01-22 12:00:00,Houston,0
1928,162,143.3899730294427,transfer,online,2024-01-22 13:00:00,Houston,0
1392,249,16.18563897549715,transfer,gas,2024-01-22 14:00:00,New York,0
1810,253,95.03647870053629,purchase,online,2024-01-22 15:00:00,Los Angeles,0
1245,255,33.95208093335486,transfer,restaurant,2024-01-22 16:00:00,New York,0
1175,469,115.1761884121618,withdrawal,entertainment,2024-01-22 17:00:00,Chicago,0
1038,148,111.26914595778133,purchase,online,2024-01-22 18:00:00,New York,0
1476,436,91.97563291787237,transfer,gas,2024-01-22 19:00:00,New York,0
1681,183,88.03963467821305,purchase,gas,2024-01-22 20:00:00,Los Angeles,0
1758,460,28.16909347958934,withdrawal,travel,2024-01-22 21:00:00,Chicago,0
1537,276,14.219066460037473,transfer,restaurant,2024-01-22 22:00:00,Miami,0
1866,247,35.79024823711498,withdrawal,gas,2024-01-22 23:00:00,Miami,0
1817,217,19.529251168332877,transfer,groceries,2024-01-23 00:00:00,Houston,0
1920,441,69.36415754887369,transfer,entertainment,2024-01-23 01:00:00,New York,0
1407,162,31.24002131065532,transfer,online,2024-01-23 02:00:00,Houston,0
1524,288,1846.983448209678,transfer,travel,2024-01-23 03:00:00,Los Angeles,1
1827,459,61.21775572680621,transfer,entertainment,2024-01-23 04:00:00,Miami,0
1505,148,96.43375877049688,purchase,restaurant,2024-01-23 05:00:00,New York,0
1902,426,17.108410438327972,transfer,travel,2024-01-23 06:00:00,Los Angeles,0
1824,356,109.03032716682254,transfer,online,2024-01-23 07:00:00,Los Angeles,0
1035,323,138.04007243080665,purchase,online,2024-01-23 08:00:00,New York,0
1684,240,43.38000702741247,purchase,groceries,2024-01-23 09:00:00,Los Angeles,0
1019,314,56.602327491249525,purchase,restaurant,2024-01-23 10:00:00,New York,0
1320,478,82.36803671659189,purchase,travel,2024-01-23 11:00:00,New York,0
1775,310,19.608815422728966,purchase,travel,2024-01-23 12:00:00,Chicago,0
1511,417,44.914627410819726,purchase,gas,2024-01-23 13:00:00,Houston,0
1399,131,35.42999078347839,transfer,groceries,2024-01-23 14:00:00,Los Angeles,0
1653,257,4107.193748834523,transfer,groceries,2024-01-23 15:00:00,Los Angeles,1
1971,384,32.90647412283658,withdrawal,travel,2024-01-23 16:00:00,Chicago,0
1882,404,13.53036813520551,transfer,travel,2024-01-23 17:00:00,Chicago,0
1470,385,11.307543998440632,transfer,entertainment,2024-01-23 18:00:00,Chicago,0
1142,243,17.26090161642818,purchase,entertainment,2024-01-23 19:00:00,Miami,0
1091,118,174.99766699885538,purchase,entertainment,2024-01-23 20:00:00,Miami,0
1353,117,49.87313832790614,transfer,groceries,2024-01-23 21:00:00,Miami,0
1833,356,178.8088915942053,withdrawal,gas,2024-01-23 22:00:00,New York,0
1799,177,38.32553955041249,purchase,online,2024-01-23 23:00:00,Los Angeles,0
1726,470,28.684961416535202,transfer,entertainment,2024-01-24 00:00:00,Houston,0
1958,274,45.275348738864984,transfer,gas,2024-01-24 01:00:00,New York,0
1853,293,38.94734453132742,withdrawal,restaurant,2024-01-24 02:00:00,Los Angeles,0
1050,212,15.583725029919597,withdrawal,entertainment,2024-01-24 03:00:00,Los Angeles,0
1664,213,61.197460219874635,purchase,online,2024-01-24 04:00:00,Chicago,0
1697,321,22.169748099916532,withdrawal,restaurant,2024-01-24 05:00:00,Chicago,0
1574,265,58.325014225288186,transfer,restaurant,2024-01-24 06:00:00,New York,0
1189,418,62.519841966230985,transfer,online,2024-01-24 07:00:00,Chicago,0
1124,231,18.245197577722323,withdrawal,entertainment,2024-01-24 08:00:00,Los Angeles,0
1149,484,13.16561044752657,withdrawal,groceries,2024-01-24 09:00:00,Chicago,0
1313,363,85.8797746611965,withdrawal,online,2024-01-24 10:00:00,Miami,0
1569,154,40.79083110456932,withdrawal,online,2024-01-24 11:00:00,Chicago,0
1341,458,12.996195005190792,purchase,online,2024-01-24 12:00:00,Los Angeles,0
1304,230,273.59659883683327,withdrawal,restaurant,2024-01-24 13:00:00,New York,0
1691,387,12.975854071221184,purchase,gas,2024-01-24 14:00:00,Houston,0
1681,365,69.37795067500755,transfer,groceries,2024-01-24 15:00:00,Chicago,0
1837,465,215.76490388284765,withdrawal,entertainment,2024-01-24 16:00:00,Los Angeles,0
1782,261,23.66793084785735,purchase,entertainment,2024-01-24 17:00:00,Houston,0
1053,479,17.67209306167925,withdrawal,gas,2024-01-24 18:00:00,Houston,0
1443,186,16.47042030120047,transfer,online,2024-01-24 19:00:00,Miami,0
1612,154,28.06823529705549,transfer,groceries,2024-01-24 20:00:00,Houston,0
1992,387,15.326160177578075,transfer,entertainment,2024-01-24 21:00:00,Los Angeles,0
1263,277,68.90897349640917,withdrawal,travel,2024-01-24 22:00:00,Los Angeles,0
1052,490,13.215823189976355,withdrawal,entertainment,2024-01-24 23:00:00,Chicago,0
1571,448,45.60856262173184,purchase,online,2024-01-25 00:00:00,Chicago,0
1619,107,295.64399433999677,transfer,travel,2024-01-25 01:00:00,Chicago,0
1004,420,94.09243883383577,withdrawal,gas,2024-01-25 02:00:00,Houston,0
1102,412,57.754103830993685,transfer,groceries,2024-01-25 03:00:00,Houston,0
1195,346,28.282441654349263,transfer,gas,2024-01-25 04:00:00,Miami,0
1773,422,58.89445714095118,purchase,gas,2024-01-25 05:00:00,Chicago,0
1876,354,47.43737779397671,purchase,groceries,2024-01-25 06:00:00,New York,0
1991,427,37.763558065834786,purchase,groceries,2024-01-25 07:00:00,Miami,0
1883,153,3141.391072246627,transfer,entertainment,2024-01-25 08:00:00,New York,1
1349,348,118.84355299060238,transfer,entertainment,2024-01-25 09:00:00,Houston,0
1046,338,39.872276489639106,purchase,groceries,2024-01-25 10:00:00,Miami,0
1866,328,20.82220910307068,purchase,travel,2024-01-25 11:00:00,Miami,0
1822,166,32.924259169146765,purchase,restaurant,2024-01-25 12:00:00,Los Angeles,0
1935,150,36.7328467310067,purchase,entertainment,2024-01-25 13:00:00,Houston,0
1819,196,97.87888755452667,transfer,restaurant,2024-01-25 14:00:00,Houston,0
1655,191,76.14051614296392,purchase,travel,2024-01-25 15:00:00,Miami,0
1268,363,83.33291630850958,transfer,groceries,2024-01-25 16:00:00,Houston,0
1369,390,10.554628001076694,withdrawal,travel,2024-01-25 17:00:00,Miami,0
1635,195,36.90590132204877,transfer,entertainment,2024-01-25 18:00:00,Los Angeles,0
1105,187,42.82573605190803,transfer,gas,2024-01-25 19:00:00,Miami,0
1669,177,10.968941973322314,purchase,groceries,2024-01-25 20:00:00,Houston,0
1658,387,25.042635201091315,withdrawal,online,2024-01-25 21:00:00,Houston,0
1656,219,81.4162340857189,withdrawal,restaurant,2024-01-25 22:00:00,Miami,0
1119,401,17.373385866694463,withdrawal,travel,2024-01-25 23:00:00,Miami,0
1830,499,48.31925226324291,withdrawal,groceries,2024-01-26 00:00:00,Miami,0
1786,264,22.11643780384469,transfer,travel,2024-01-26 01:00:00,Chicago,0
1603,281,10.60974151243888,withdrawal,groceries,2024-01-26 02:00:00,Houston,0
1057,497,23.800948092514965,transfer,entertainment,2024-01-26 03:00:00,Houston,0
1950,322,196.2227511571439,transfer,entertainment,2024-01-26 04:00:00,Chicago,0
1345,410,90.85765789807736,transfer,entertainment,2024-01-26 05:00:00,Miami,0
1740,106,170.41737750956167,withdrawal,travel,2024-01-26 06:00:00,Los Angeles,0
1473,429,1665.0213213988027,transfer,online,2024-01-26 07:00:00,Miami,1
1116,362,15.811872709759626,purchase,entertainment,2024-01-26 08:00:00,Miami,0
1829,260,49.699173850084726,withdrawal,groceries,2024-01-26 09:00:00,Chicago,0
1790,250,40.29138155434643,purchase,entertainment,2024-01-26 10:00:00,Houston,0
1126,184,103.00954436999046,purchase,gas,2024-01-26 11:00:00,Miami,0
1392,246,15.161615804331191,transfer,entertainment,2024-01-26 12:00:00,Houston,0
1907,211,43.49508678149231,transfer,travel,2024-01-26 13:00:00,New York,0
1640,480,18.128809185896223,withdrawal,online,2024-01-26 14:00:00,Houston,0
1057,135,29.628129750685222,withdrawal,gas,2024-01-26 15:00:00,Los Angeles,0
1633,384,76.84799390123955,purchase,travel,2024-01-26 16:00:00,Los Angeles,0
1512,287,4812.480457576551,transfer,travel,2024-01-26 17:00:00,Miami,1
1750,181,33.57129482107963,withdrawal,travel,2024-01-26 18:00:00,Houston,0
1801,101,35.08307700792891,withdrawal,groceries,2024-01-26 19:00:00,Miami,0
1095,484,40.75810804584616,withdrawal,travel,2024-01-26 20:00:00,Chicago,0
1637,402,86.8597100947232,withdrawal,groceries,2024-01-26 21:00:00,Los Angeles,0
1117,296,121.32042581618732,withdrawal,travel,2024-01-26 22:00:00,Miami,0
1559,110,165.42790315111498,withdrawal,restaurant,2024-01-26 23:00:00,Chicago,0
1600,333,87.30048152278488,purchase,gas,2024-01-27 00:00:00,Miami,0
1487,485,28.946531280202564,transfer,restaurant,2024-01-27 01:00:00,Houston,0
1236,294,68.25919673405102,transfer,travel,2024-01-27 02:00:00,Houston,0
1884,218,38.77737466824469,withdrawal,gas,2024-01-27 03:00:00,Houston,0
1896,495,24.696452012448887,transfer,gas,2024-01-27 04:00:00,Houston,0
1271,119,101.90218630952891,transfer,online,2024-01-27 05:00:00,New York,0
1188,360,11.959205837187803,transfer,restaurant,2024-01-27 06:00:00,Chicago,0
1998,392,126.01810465201861,withdrawal,online,2024-01-27 07:00:00,Chicago,0
1703,355,40.94629674196398,withdrawal,gas,2024-01-27 08:00:00,Houston,0
1446,321,60.69538156672787,transfer,groceries,2024-01-27 09:00:00,New York,0
1580,492,63.84556178581311,transfer,gas,2024-01-27 10:00:00,Houston,0
1789,325,122.74584490295103,withdrawal,online,2024-01-27 11:00:00,New York,0
1860,152,60.62214460021356,purchase,restaurant,2024-01-27 12:00:00,Houston,0
1246,454,57.5872932055436,transfer,travel,2024-01-27 13:00:00,Los Angeles,0
1962,441,13.44886003909527,purchase,travel,2024-01-27 14:00:00,Los Angeles,0
1075,463,46.532902099460905,transfer,restaurant,2024-01-27 15:00:00,Miami,0
1153,379,18.135888687831077,purchase,travel,2024-01-27 16:00:00,Houston,0
1655,180,76.86259595713724,purchase,travel,2024-01-27 17:00:00,Chicago,0
1434,301,45.894736616271416,purchase,online,2024-01-27 18:00:00,Miami,0
1996,257,67.00731733357541,withdrawal,restaurant,2024-01-27 19:00:00,Los Angeles,0
1085,219,12.128305970817717,purchase,entertainment,2024-01-27 20:00:00,Houston,0
1696,158,14.430196733423927,purchase,groceries,2024-01-27 21:00:00,Miami,0
1284,314,72.99601899914633,purchase,groceries,2024-01-27 22:00:00,Houston,0
1973,227,13.740721481731317,transfer,travel,2024-01-27 23:00:00,Los Angeles,0
1219,323,13.696146343450604,purchase,groceries,2024-01-28 00:00:00,Miami,0
1068,308,10.609119000489798,transfer,restaurant,2024-01-28 01:00:00,Los Angeles,0
1046,469,166.75132431098945,purchase,restaurant,2024-01-28 02:00:00,New York,0
1093,214,76.87680215078305,purchase,gas,2024-01-28 03:00:00,Los Angeles,0
1749,308,31.78988178668496,withdrawal,gas,2024-01-28 04:00:00,Houston,0
1957,113,27.58689906150494,transfer,groceries,2024-01-28 05:00:00,Chicago,0
1452,108,31.516322533344002,purchase,entertainment,2024-01-28 06:00:00,Los Angeles,0
1203,139,84.50580998658252,transfer,gas,2024-01-28 07:00:00,Chicago,0
1911,336,64.14245088142516,transfer,gas,2024-01-28 08:00:00,New York,0
1217,380,20.240357755499982,withdrawal,restaurant,2024-01-28 09:00:00,Miami,0
1473,458,19.564644072751094,withdrawal,entertainment,2024-01-28 10:00:00,Miami,0
1431,300,15.178974559716973,withdrawal,travel,2024-01-28 11:00:00,Chicago,0
1340,345,63.98502050167564,withdrawal,groceries,2024-01-28 12:00:00,Miami,0
1550,377,82.27518996118579,withdrawal,gas,2024-01-28 13:00:00,Los Angeles,0
1611,334,25.39739747767951,withdrawal,entertainment,2024-01-28 14:00:00,Chicago,0
1288,103,11.058370922580757,withdrawal,entertainment,2024-01-28 15:00:00,Houston,0
1253,253,14.287245372846805,withdrawal,groceries,2024-01-28 16:00:00,Los Angeles,0
1733,128,181.88275014186715,purchase,entertainment,2024-01-28 17:00:00,Los Angeles,0
1356,208,27.509428265181267,transfer,entertainment,2024-01-28 18:00:00,Los Angeles,0
1022,197,83.31520216520101,withdrawal,entertainment,2024-01-28 19:00:00,Houston,0
1761,314,58.9966252744019,withdrawal,gas,2024-01-28 20:00:00,New York,0
1521,392,3826.416515976871,transfer,groceries,2024-01-28 21:00:00,Miami,1
1757,174,21.51390094779518,purchase,entertainment,2024-01-28 22:00:00,Chicago,0
1836,425,16.47050445285506,transfer,entertainment,2024-01-28 23:00:00,New York,0
1099,245,57.72728142397403,transfer,gas,2024-01-29 00:00:00,Chicago,0
1801,227,84.50142791704589,withdrawal,groceries,2024-01-29 01:00:00,Miami,0
1179,440,3402.332787948544,transfer,restaurant,2024-01-29 02:00:00,Houston,1
1222,141,47.78328138432362,transfer,gas,2024-01-29 03:00:00,Los Angeles,0
1905,455,12.142829365455452,withdrawal,groceries,2024-01-29 04:00:00,Los Angeles,0
1761,140,182.8705764876777,withdrawal,entertainment,2024-01-29 05:00:00,Houston,0
1658,133,90.151472442218,withdrawal,groceries,2024-01-29 06:00:00,New York,0
1441,116,27.323646431882363,withdrawal,groceries,2024-01-29 07:00:00,New York,0
1607,264,205.52702863586092,transfer,travel,2024-01-29 08:00:00,Chicago,0
1768,252,56.050290223474,transfer,groceries,2024-01-29 09:00:00,Houston,0
1324,477,53.66427510224252,purchase,restaurant,2024-01-29 10:00:00,New York,0
1515,175,78.93083141025073,purchase,groceries,2024-01-29 11:00:00,Houston,0
1015,186,93.50447669219385,transfer,restaurant,2024-01-29 12:00:00,Miami,0
1791,216,63.42529453740248,purchase,entertainment,2024-01-29 13:00:00,Los Angeles,0
1335,461,1273.7628369705044,transfer,restaurant,2024-01-29 14:00:00,Los Angeles,1
1758,441,30.644694615775414,purchase,entertainment,2024-01-29 15:00:00,Los Angeles,0
1257,126,141.6125753212103,withdrawal,entertainment,2024-01-29 16:00:00,Houston,0
1496,412,22.719819393547198,purchase,restaurant,2024-01-29 17:00:00,Houston,0
1987,386,33.27405547063398,withdrawal,gas,2024-01-29 18:00:00,Chicago,0
1895,233,38.288461335936546,withdrawal,online,2024-01-29 19:00:00,Los Angeles,0
1159,318,38.937827046166646,withdrawal,groceries,2024-01-29 20:00:00,Chicago,0
1474,267,57.458724027611595,withdrawal,travel,2024-01-29 21:00:00,Los Angeles,0
1851,197,153.30176918900978,purchase,online,2024-01-29 22:00:00,Chicago,0
1663,367,23.767436213709324,transfer,groceries,2024-01-29 23:00:00,Chicago,0
1907,336,16.477046900247615,withdrawal,groceries,2024-01-30 00:00:00,Miami,0
1689,408,20.999332594693236,purchase,entertainment,2024-01-30 01:00:00,Chicago,0
1674,493,118.9851540550276,withdrawal,groceries,2024-01-30 02:00:00,Houston,0
1379,272,61.89620405381139,purchase,travel,2024-01-30 03:00:00,Chicago,0
1544,289,26.83708889395092,purchase,groceries,2024-01-30 04:00:00,Los Angeles,0
1928,221,94.62655938873603,purchase,restaurant,2024-01-30 05:00:00,Chicago,0
1956,145,108.79733695998478,transfer,online,2024-01-30 06:00:00,New York,0
1690,163,103.70740639905377,purchase,restaurant,2024-01-30 07:00:00,Los Angeles,0
1426,229,135.6199771637116,purchase,travel,2024-01-30 08:00:00,New York,0
1612,409,24.53372862073077,transfer,groceries,2024-01-30 09:00:00,Los Angeles,0
1267,462,80.33341104115277,transfer,travel,2024-01-30 10:00:00,Houston,0
1834,292,40.85928539260571,purchase,entertainment,2024-01-30 11:00:00,Houston,0
1576,406,102.25755435367259,transfer,restaurant,2024-01-30 12:00:00,Houston,0
1416,280,75.18794009673783,withdrawal,restaurant,2024-01-30 13:00:00,New York,0
1167,391,4390.190532218945,transfer,gas,2024-01-30 14:00:00,Miami,1
1841,470,63.37920953421046,transfer,groceries,2024-01-30 15:00:00,Los Angeles,0
1042,381,19.76600988119729,transfer,entertainment,2024-01-30 16:00:00,Houston,0
1555,128,49.37585120961023,purchase,restaurant,2024-01-30 17:00:00,Los Angeles,0
1284,248,218.89632975084726,transfer,restaurant,2024-01-30 18:00:00,New York,0
1396,366,148.53996940037163,purchase,entertainment,2024-01-30 19:00:00,Miami,0
1011,395,12.206672305879303,withdrawal,travel,2024-01-30 20:00:00,New York,0
1606,110,19.005090057537746,transfer,travel,2024-01-30 21:00:00,Los Angeles,0
1301,263,17.06255700763426,purchase,groceries,2024-01-30 22:00:00,Miami,0
1897,212,74.72769270301934,purchase,gas,2024-01-30 23:00:00,Miami,0
1252,286,95.12848903479231,withdrawal,restaurant,2024-01-31 00:00:00,New York,0
1498,394,22.008850417502643,transfer,gas,2024-01-31 01:00:00,Houston,0
1753,331,45.24608069197645,withdrawal,travel,2024-01-31 02:00:00,Los Angeles,0
1034,326,101.84925352389018,purchase,travel,2024-01-31 03:00:00,Chicago,0
1726,409,75.98818093235882,purchase,online,2024-01-31 04:00:00,Chicago,0
1848,197,49.07020724768975,transfer,groceries,2024-01-31 05:00:00,New York,0
1089,154,54.622325228501616,purchase,online,2024-01-31 06:00:00,Los Angeles,0
1775,210,45.5004825034203,transfer,online,2024-01-31 07:00:00,Los Angeles,0
1604,251,27.658942500081025,withdrawal,online,2024-01-31 08:00:00,New York,0
1921,345,51.622990373407774,transfer,groceries,2024-01-31 09:00:00,Los Angeles,0
1969,168,68.37968155484063,transfer,groceries,2024-01-31 10:00:00,Houston,0
1601,411,113.30570375537262,purchase,entertainment,2024-01-31 11:00:00,New York,0
1417,388,60.57010774374272,purchase,gas,2024-01-31 12:00:00,Houston,0
1114,349,81.5900189792763,transfer,gas,2024-01-31 13:00:00,Los Angeles,0
1616,135,18.72193352445619,purchase,entertainment,2024-01-31 14:00:00,New York,0
1902,338,40.9537259333188,purchase,entertainment,2024-01-31 15:00:00,Los Angeles,0
1195,247,10.468771608222808,purchase,travel,2024-01-31 16:00:00,New York,0
1825,326,24.163183367893346,transfer,online,2024-01-31 17:00:00,Los Angeles,0
1500,343,74.81568428056428,purchase,entertainment,2024-01-31 18:00:00,Houston,0
1625,436,250.24177204430694,transfer,restaurant,2024-01-31 19:00:00,Houston,0
1492,464,15.22238548555464,purchase,gas,2024-01-31 20:00:00,Los Angeles,0
1074,300,35.66596283607097,withdrawal,entertainment,2024-01-31 21:00:00,New York,0
1412,253,90.48964094508742,purchase,restaurant,2024-01-31 22:00:00,Chicago,0
1375,172,21.410043063078188,purchase,restaurant,2024-01-31 23:00:00,Houston,0
1419,300,50.493595617380784,transfer,restaurant,2024-02-01 00:00:00,Houston,0
1728,395,76.03868412840677,transfer,travel,2024-02-01 01:00:00,Chicago,0
1276,116,57.85374185823829,purchase,travel,2024-02-01 02:00:00,Los Angeles,0
1760,228,20.4142700316725,withdrawal,restaurant,2024-02-01 03:00:00,New York,0
1675,316,31.955068526149535,purchase,travel,2024-02-01 04:00:00,Los Angeles,0
1393,160,86.57566874469937,purchase,online,2024-02-01 05:00:00,Miami,0
1868,203,50.39721675980882,withdrawal,restaurant,2024-02-01 06:00:00,Houston,0
1456,141,10.262166791712248,transfer,online,2024-02-01 07:00:00,Miami,0
1919,124,81.56265334138119,purchase,online,2024-02-01 08:00:00,Houston,0
1191,138,11.79749386557771,transfer,restaurant,2024-02-01 09:00:00,Houston,0
1738,390,78.46867306765219,transfer,gas,2024-02-01 10:00:00,Miami,0
1688,230,21.312453432593607,withdrawal,restaurant,2024-02-01 11:00:00,Miami,0
1098,328,168.5918359779893,withdrawal,restaurant,2024-02-01 12:00:00,Los Angeles,0
1547,207,32.938607064480166,transfer,travel,2024-02-01 13:00:00,Miami,0
1977,271,29.795417215167816,purchase,restaurant,2024-02-01 14:00:00,Los Angeles,0
1998,201,18.060580416755947,transfer,gas,2024-02-01 15:00:00,Los Angeles,0
1095,453,28.235659317442863,purchase,travel,2024-02-01 16:00:00,Los Angeles,0
1663,111,114.63678060883194,purchase,groceries,2024-02-01 17:00:00,Houston,0
1662,374,290.4373115354528,withdrawal,groceries,2024-02-01 18:00:00,Houston,0
1189,200,32.96778841343901,purchase,online,2024-02-01 19:00:00,Miami,0
1735,143,39.76570302551848,purchase,online,2024-02-01 20:00:00,Houston,0
1036,404,74.01946856224548,transfer,gas,2024-02-01 21:00:00,Miami,0
1779,116,118.66378397315071,withdrawal,entertainment,2024-02-01 22:00:00,Houston,0
1368,429,54.952551433930836,purchase,groceries,2024-02-01 23:00:00,New York,0
1694,156,34.84002997279657,purchase,online,2024-02-02 00:00:00,New York,0
1524,410,36.60432215751686,withdrawal,groceries,2024-02-02 01:00:00,Miami,0
1278,402,69.47361343779221,transfer,gas,2024-02-02 02:00:00,Houston,0
1216,111,10.161172667611732,withdrawal,gas,2024-02-02 03:00:00,Houston,0
1866,417,58.325195944629264,withdrawal,entertainment,2024-02-02 04:00:00,Los Angeles,0
1872,179,1727.270611349355,transfer,entertainment,2024-02-02 05:00:00,Chicago,1
1797,315,89.04187440553979,purchase,travel,2024-02-02 06:00:00,Miami,0
1272,438,14.880125449492802,transfer,gas,2024-02-02 07:00:00,Chicago,0
1880,363,54.36114946889184,purchase,online,2024-02-02 08:00:00,Chicago,0
1061,248,42.78995809468057,purchase,groceries,2024-02-02 09:00:00,Miami,0
1595,180,61.406599823732236,withdrawal,restaurant,2024-02-02 10:00:00,Houston,0
1879,314,13.352608925534092,purchase,entertainment,2024-02-02 11:00:00,Miami,0
1728,473,53.37309835440721,transfer,restaurant,2024-02-02 12:00:00,Chicago,0
1341,297,51.21801603014403,withdrawal,online,2024-02-02 13:00:00,Houston,0
1396,299,51.1240946550342,transfer,entertainment,2024-02-02 14:00:00,New York,0
1698,124,56.25240663537058,withdrawal,restaurant,2024-02-02 15:00:00,Miami,0
1018,188,66.4228528911877,purchase,online,2024-02-02 16:00:00,Miami,0
1176,367,91.73496550579964,withdrawal,groceries,2024-02-02 17:00:00,Houston,0
1611,242,25.723259306312464,withdrawal,online,2024-02-02 18:00:00,New York,0
1395,158,97.16258444056155,purchase,travel,2024-02-02 19:00:00,New York,0
1444,464,44.48323081298047,purchase,entertainment,2024-02-02 20:00:00,Houston,0
1232,125,14.009459373168458,transfer,gas,2024-02-02 21:00:00,Los Angeles,0
1914,146,13.01675130375288,transfer,groceries,2024-02-02 22:00:00,Miami,0
1075,387,30.341175418012742,purchase,restaurant,2024-02-02 23:00:00,Miami,0
1264,365,86.83190946985042,purchase,entertainment,2024-02-03 00:00:00,Chicago,0
1454,115,71.49546920103921,purchase,gas,2024-02-03 01:00:00,Houston,0
1795,298,87.70369982367988,withdrawal,online,2024-02-03 02:00:00,Chicago,0
1717,381,46.414791660759406,withdrawal,gas,2024-02-03 03:00:00,Chicago,0
1734,185,39.00869559489516,withdrawal,entertainment,2024-02-03 04:00:00,New York,0
1383,349,17.97631921134414,purchase,entertainment,2024-02-03 05:00:00,Miami,0
1563,490,29.889190766618263,transfer,travel,2024-02-03 06:00:00,Chicago,0
1850,369,38.459770860961655,purchase,travel,2024-02-03 07:00:00,New York,0
1505,434,14.638693580128088,withdrawal,gas,2024-02-03 08:00:00,Houston,0
1366,216,22.46231109903065,withdrawal,online,2024-02-03 09:00:00,Chicago,0
1143,106,55.59318902293805,purchase,gas,2024-02-03 10:00:00,Miami,0
1884,236,76.52654534548505,purchase,entertainment,2024-02-03 11:00:00,Chicago,0
1068,470,330.27364403170714,withdrawal,entertainment,2024-02-03 12:00:00,Houston,0
1098,275,145.23778022021577,withdrawal,restaurant,2024-02-03 13:00:00,Chicago,0
1395,427,61.440115490143626,withdrawal,travel,2024-02-03 14:00:00,Miami,0
1024,414,37.34406549742989,purchase,restaurant,2024-02-03 15:00:00,New York,0
1947,314,60.554439788992724,withdrawal,groceries,2024-02-03 16:00:00,Miami,0
1890,181,87.00763173715464,withdrawal,entertainment,2024-02-03 17:00:00,New York,0
1468,322,16.297223224301703,transfer,restaurant,2024-02-03 18:00:00,Los Angeles,0
1483,471,36.373577558486446,purchase,gas,2024-02-03 19:00:00,Miami,0
1564,202,101.56732559190152,transfer,travel,2024-02-03 20:00:00,Miami,0
1150,372,34.21185851424566,transfer,travel,2024-02-03 21:00:00,Houston,0
1143,113,52.416684810502254,withdrawal,online,2024-02-03 22:00:00,Chicago,0
1568,258,54.308614126586946,purchase,gas,2024-02-03 23:00:00,New York,0
1038,251,20.196236897517547,withdrawal,online,2024-02-04 00:00:00,New York,0
1108,207,32.48930472744652,purchase,restaurant,2024-02-04 01:00:00,Houston,0
1692,287,30.36168020443175,transfer,groceries,2024-02-04 02:00:00,Houston,0
1041,400,11.327297760733481,purchase,gas,2024-02-04 03:00:00,Chicago,0
1185,197,4431.739655989315,transfer,gas,2024-02-04 04:00:00,Chicago,1
1934,230,4589.589273286345,transfer,gas,2024-02-04 05:00:00,Miami,1
1397,392,25.946310321501752,withdrawal,online,2024-02-04 06:00:00,Los Angeles,0
1222,270,46.49872968592603,purchase,restaurant,2024-02-04 07:00:00,Chicago,0
1633,282,27.742799503994654,transfer,gas,2024-02-04 08:00:00,Houston,0
1132,463,151.23980180792614,transfer,gas,2024-02-04 09:00:00,Chicago,0
1162,138,25.007760910029717,purchase,travel,2024-02-04 10:00:00,New York,0
1214,114,38.07585082092952,withdrawal,groceries,2024-02-04 11:00:00,Los Angeles,0
1732,475,113.07232165577965,transfer,travel,2024-02-04 12:00:00,Miami,0
1234,103,102.23699354910642,withdrawal,travel,2024-02-04 13:00:00,New York,0
1842,448,20.295975634528098,purchase,groceries,2024-02-04 14:00:00,New York,0
1657,496,91.1371288624397,withdrawal,restaurant,2024-02-04 15:00:00,Los Angeles,0
1750,309,40.64170732412275,transfer,travel,2024-02-04 16:00:00,Miami,0
1587,260,42.982609877689626,transfer,restaurant,2024-02-04 17:00:00,Houston,0
1008,115,17.163502844895135,withdrawal,travel,2024-02-04 18:00:00,Miami,0
1073,207,14.201782103666169,purchase,entertainment,2024-02-04 19:00:00,Chicago,0
1953,481,2741.585293599006,transfer,groceries,2024-02-04 20:00:00,New York,1
1491,410,44.3047207298425,purchase,travel,2024-02-04 21:00:00,Chicago,0
1912,326,38.71052520705656,withdrawal,entertainment,2024-02-04 22:00:00,Houston,0
1252,269,75.3756800657519,transfer,online,2024-02-04 23:00:00,Chicago,0
1229,133,82.51773494836927,purchase,entertainment,2024-02-05 00:00:00,Miami,0
1518,350,18.652721538019975,purchase,gas,2024-02-05 01:00:00,Chicago,0
1173,346,57.10930064584235,purchase,travel,2024-02-05 02:00:00,Houston,0
1652,368,17.27175997639374,transfer,entertainment,2024-02-05 03:00:00,Houston,0
1167,240,79.59049439136747,withdrawal,restaurant,2024-02-05 04:00:00,Houston,0
1169,373,63.4947050307972,transfer,online,2024-02-05 05:00:00,Miami,0
1392,195,166.8816392980162,purchase,travel,2024-02-05 06:00:00,Houston,0
1945,326,13.572545375426614,withdrawal,gas,2024-02-05 07:00:00,New York,0
1794,478,4690.415028375832,transfer,entertainment,2024-02-05 08:00:00,Houston,1
1633,138,26.577314679743203,purchase,online,2024-02-05 09:00:00,Chicago,0
1193,401,25.17063656781916,purchase,travel,2024-02-05 10:00:00,Chicago,0
1516,128,24.18309481478636,transfer,online,2024-02-05 11:00:00,Chicago,0
1028,417,128.35862371081546,transfer,gas,2024-02-05 12:00:00,Miami,0
1164,344,24.353859428180332,transfer,entertainment,2024-02-05 13:00:00,Chicago,0
1421,335,25.86925878270974,purchase,online,2024-02-05 14:00:00,Miami,0
1338,284,81.23061267985806,transfer,online,2024-02-05 15:00:00,Miami,0
1647,371,39.86820494325285,purchase,groceries,2024-02-05 16:00:00,Houston,0
1495,335,84.96431991292299,transfer,online,2024-02-05 17:00:00,New York,0
1364,338,13.380021938096258,purchase,groceries,2024-02-05 18:00:00,Houston,0
1832,476,43.42967460518684,purchase,entertainment,2024-02-05 19:00:00,Houston,0
1341,365,11.709576246897491,withdrawal,travel,2024-02-05 20:00:00,Miami,0
1499,458,13.235097575531595,transfer,travel,2024-02-05 21:00:00,Miami,0
1656,439,128.4562559072742,transfer,entertainment,2024-02-05 22:00:00,Chicago,0
1510,488,17.49728995232225,purchase,entertainment,2024-02-05 23:00:00,Chicago,0
1326,164,48.009314053110494,purchase,restaurant,2024-02-06 00:00:00,Houston,0
1216,276,36.47457109592807,purchase,entertainment,2024-02-06 01:00:00,Los Angeles,0
1300,102,31.335202779726828,withdrawal,online,2024-02-06 02:00:00,Los Angeles,0
1131,241,125.04599685044134,withdrawal,travel,2024-02-06 03:00:00,Chicago,0
1803,475,11.103252467750076,purchase,gas,2024-02-06 04:00:00,Los Angeles,0
1069,257,64.50091904163448,transfer,travel,2024-02-06 05:00:00,Chicago,0
1251,423,175.37774897341833,transfer,groceries,2024-02-06 06:00:00,Miami,0
1414,245,51.068143014042604,withdrawal,travel,2024-02-06 07:00:00,Houston,0
1786,392,148.09032264595595,withdrawal,restaurant,2024-02-06 08:00:00,New York,0
1444,252,12.683641914791203,purchase,entertainment,2024-02-06 09:00:00,Houston,0
1875,292,37.1324426148648,transfer,entertainment,2024-02-06 10:00:00,Chicago,0
1181,172,25.065917327534436,purchase,travel,2024-02-06 11:00:00,Chicago,0
1166,498,75.61892815365702,withdrawal,gas,2024-02-06 12:00:00,Houston,0
1090,404,208.95380894208412,transfer,gas,2024-02-06 13:00:00,Chicago,0
1713,476,24.82134737918257,transfer,restaurant,2024-02-06 14:00:00,Los Angeles,0
1857,443,63.09106299150158,withdrawal,groceries,2024-02-06 15:00:00,Los Angeles,0
1530,239,21.038420756713982,purchase,travel,2024-02-06 16:00:00,Chicago,0
1038,286,51.658437107397916,purchase,entertainment,2024-02-06 17:00:00,Chicago,0
1125,392,41.17475840861609,transfer,travel,2024-02-06 18:00:00,Los Angeles,0
1450,160,188.78705654540576,withdrawal,restaurant,2024-02-06 19:00:00,Chicago,0
1172,479,56.891971401886664,transfer,online,2024-02-06 20:00:00,Chicago,0
1652,297,31.50118883764553,withdrawal,online,2024-02-06 21:00:00,Houston,0
1753,394,16.057322178781007,purchase,restaurant,2024-02-06 22:00:00,New York,0
1219,418,18.199343186071815,withdrawal,entertainment,2024-02-06 23:00:00,Los Angeles,0
1637,401,22.765063757044114,purchase,restaurant,2024-02-07 00:00:00,Houston,0
1057,443,24.44858927806849,withdrawal,entertainment,2024-02-07 01:00:00,New York,0
1659,110,105.06177471315553,transfer,gas,2024-02-07 02:00:00,Chicago,0
1475,161,51.188174255839726,purchase,restaurant,2024-02-07 03:00:00,Chicago,0
1455,432,47.052932239272174,transfer,entertainment,2024-02-07 04:00:00,Houston,0
1828,325,16.095325317064894,transfer,restaurant,2024-02-07 05:00:00,Chicago,0
1894,252,3389.249513322847,transfer,restaurant,2024-02-07 06:00:00,Miami,1
1360,298,1485.2119920221364,transfer,entertainment,2024-02-07 07:00:00,Houston,1
1934,151,13.503334635975815,transfer,entertainment,2024-02-07 08:00:00,New York,0
1000,359,71.5218450301227,transfer,groceries,2024-02-07 09:00:00,Houston,0
1386,158,49.21251503086919,transfer,restaurant,2024-02-07 10:00:00,Los Angeles,0
1972,171,14.262937273483413,transfer,online,2024-02-07 11:00:00,Houston,0
1347,247,40.65220603033512,purchase,restaurant,2024-02-07 12:00:00,Chicago,0
1189,448,43.14994092074675,purchase,restaurant,2024-02-07 13:00:00,Chicago,0
1504,162,19.062578881090822,transfer,entertainment,2024-02-07 14:00:00,Miami,0
1190,409,155.6598463699748,withdrawal,restaurant,2024-02-07 15:00:00,Miami,0
1507,472,104.84779041173425,withdrawal,travel,2024-02-07 16:00:00,Miami,0
1368,342,65.2852195130109,purchase,restaurant,2024-02-07 17:00:00,New York,0
1408,465,41.02231198344428,transfer,travel,2024-02-07 18:00:00,Miami,0
1823,429,36.5314835878422,transfer,online,2024-02-07 19:00:00,New York,0
1928,206,62.63036671570293,purchase,entertainment,2024-02-07 20:00:00,Miami,0
1933,325,49.42037371518962,withdrawal,restaurant,2024-02-07 21:00:00,New York,0
1116,412,1477.5240453527872,transfer,travel,2024-02-07 22:00:00,Houston,1
1133,317,45.92352109670177,withdrawal,travel,2024-02-07 23:00:00,Houston,0
1057,340,92.09898941840662,purchase,travel,2024-02-08 00:00:00,Chicago,0
1555,358,40.738974756611505,withdrawal,gas,2024-02-08 01:00:00,New York,0
1684,475,12.667748675422466,purchase,groceries,2024-02-08 02:00:00,Los Angeles,0
1671,361,87.15400534056185,purchase,online,2024-02-08 03:00:00,Chicago,0
1172,104,21.242486684293702,transfer,restaurant,2024-02-08 04:00:00,Houston,0
1828,360,24.962154537418513,withdrawal,gas,2024-02-08 05:00:00,New York,0
1814,153,18.99859717087008,purchase,restaurant,2024-02-08 06:00:00,Miami,0
1148,146,30.03993052358571,withdrawal,restaurant,2024-02-08 07:00:00,Los Angeles,0
1079,314,80.6835873908258,withdrawal,entertainment,2024-02-08 08:00:00,Houston,0
1885,276,46.63452667620214,transfer,entertainment,2024-02-08 09:00:00,Chicago,0
1212,108,21.46319173935442,withdrawal,entertainment,2024-02-08 10:00:00,New York,0
1202,198,115.11712006327438,transfer,gas,2024-02-08 11:00:00,Los Angeles,0
1763,119,115.83925255399171,purchase,restaurant,2024-02-08 12:00:00,New York,0
1228,477,112.23400900512183,withdrawal,groceries,2024-02-08 13:00:00,Miami,0
1675,340,23.64270832034604,purchase,online,2024-02-08 14:00:00,Chicago,0
1226,160,40.00464482161465,withdrawal,entertainment,2024-02-08 15:00:00,New York,0
1658,478,219.95078624649756,purchase,entertainment,2024-02-08 16:00:00,Houston,0
1531,277,83.92321860913893,withdrawal,restaurant,2024-02-08 17:00:00,Chicago,0
1440,437,11.377163931844077,withdrawal,restaurant,2024-02-08 18:00:00,Houston,0
1401,161,13.371379390955525,withdrawal,gas,2024-02-08 19:00:00,New York,0
1046,244,41.17465488855314,withdrawal,gas,2024-02-08 20:00:00,Chicago,0
1232,315,129.96592748268404,withdrawal,entertainment,2024-02-08 21:00:00,Houston,0
1304,102,48.68552930019602,withdrawal,restaurant,2024-02-08 22:00:00,Miami,0
1525,259,44.439086952444605,withdrawal,groceries,2024-02-08 23:00:00,Miami,0
1142,326,15.57304872583022,withdrawal,online,2024-02-09 00:00:00,New York,0
1414,368,63.46919715654812,withdrawal,restaurant,2024-02-09 01:00:00,Chicago,0
1512,219,96.32757253150997,purchase,restaurant,2024-02-09 02:00:00,Los Angeles,0
1372,480,3129.8836315355898,transfer,travel,2024-02-09 03:00:00,Chicago,1
1565,188,84.71889591691858,withdrawal,gas,2024-02-09 04:00:00,Miami,0
1885,428,2518.949619286595,transfer,online,2024-02-09 05:00:00,Houston,1
1258,167,21.393137155670654,withdrawal,entertainment,2024-02-09 06:00:00,Los Angeles,0
1655,497,47.04650388510679,withdrawal,restaurant,2024-02-09 07:00:00,New York,0
1470,456,26.923368344452694,purchase,entertainment,2024-02-09 08:00:00,Los Angeles,0
1952,197,88.7166721608737,purchase,restaurant,2024-02-09 09:00:00,New York,0
1970,366,53.089342046982246,transfer,entertainment,2024-02-09 10:00:00,Los Angeles,0
1011,204,60.3357258916638,purchase,online,2024-02-09 11:00:00,New York,0
1329,422,89.95313597255331,purchase,gas,2024-02-09 12:00:00,New York,0
1735,222,35.20660979608902,transfer,online,2024-02-09 13:00:00,Los Angeles,0
1783,128,133.30821063064826,purchase,travel,2024-02-09 14:00:00,Los Angeles,0
1967,236,48.074391872769056,withdrawal,groceries,2024-02-09 15:00:00,New York,0
1357,294,3468.7769084678666,transfer,gas,2024-02-09 16:00:00,Miami,1
1971,325,69.51978922481939,transfer,online,2024-02-09 17:00:00,Los Angeles,0
1407,431,88.81499229619774,withdrawal,travel,2024-02-09 18:00:00,Chicago,0
1667,269,29.045577239785516,purchase,groceries,2024-02-09 19:00:00,Houston,0
1372,108,107.30824902566812,transfer,travel,2024-02-09 20:00:00,New York,0
1007,139,128.29928230155832,transfer,restaurant,2024-02-09 21:00:00,New York,0
1121,124,26.21069797852322,withdrawal,restaurant,2024-02-09 22:00:00,Houston,0
1347,360,215.28485611408692,withdrawal,entertainment,2024-02-09 23:00:00,Miami,0
1675,494,17.582529519025275,purchase,gas,2024-02-10 00:00:00,Houston,0
1089,325,21.28331581573379,transfer,restaurant,2024-02-10 01:00:00,Los Angeles,0
1647,223,20.180825013378588,purchase,travel,2024-02-10 02:00:00,Houston,0
1697,137,122.21095570920663,purchase,gas,2024-02-10 03:00:00,New York,0
1315,427,63.108119426735165,withdrawal,restaurant,2024-02-10 04:00:00,Houston,0
1177,350,18.24988131251519,transfer,entertainment,2024-02-10 05:00:00,Chicago,0
1539,488,39.0198097444936,transfer,online,2024-02-10 06:00:00,Los Angeles,0
1731,275,57.76431677739809,transfer,entertainment,2024-02-10 07:00:00,Houston,0
1868,189,3238.9786453346996,transfer,groceries,2024-02-10 08:00:00,New York,1
1040,136,117.03027201711366,withdrawal,restaurant,2024-02-10 09:00:00,Los Angeles,0
1739,415,91.3809942226804,withdrawal,groceries,2024-02-10 10:00:00,New York,0
1703,275,45.180766404091806,withdrawal,groceries,2024-02-10 11:00:00,Miami,0
1922,383,180.75459615250438,withdrawal,travel,2024-02-10 12:00:00,Chicago,0
1501,180,37.04371135146974,transfer,gas,2024-02-10 13:00:00,Miami,0
1958,213,217.1042688225587,purchase,travel,2024-02-10 14:00:00,Chicago,0
1144,139,65.11896858173445,transfer,restaurant,2024-02-10 15:00:00,Houston,0
1200,400,60.34788547467605,purchase,groceries,2024-02-10 16:00:00,Los Angeles,0
1928,323,19.073389785331738,withdrawal,online,2024-02-10 17:00:00,Houston,0
1723,417,116.82293120440278,purchase,groceries,2024-02-10 18:00:00,Chicago,0
1460,448,37.88622656751126,transfer,online,2024-02-10 19:00:00,Chicago,0
1731,214,18.85078722413422,transfer,travel,2024-02-10 20:00:00,Chicago,0
1751,285,10.63438345614678,purchase,travel,2024-02-10 21:00:00,New York,0
1924,422,51.02127208569378,withdrawal,gas,2024-02-10 22:00:00,Los Angeles,0
1908,155,47.475255732925156,withdrawal,groceries,2024-02-10 23:00:00,Houston,0
1557,139,73.5329922373547,transfer,entertainment,2024-02-11 00:00:00,Houston,0
1546,453,120.4811802867714,purchase,travel,2024-02-11 01:00:00,Miami,0
1252,139,14.136840009027473,withdrawal,travel,2024-02-11 02:00:00,Chicago,0
1389,446,75.74456468802963,withdrawal,gas,2024-02-11 03:00:00,Chicago,0
1593,336,20.37654970776346,transfer,online,2024-02-11 04:00:00,Chicago,0
1882,388,1661.9990986546225,transfer,gas,2024-02-11 05:00:00,Houston,1
1255,361,95.48046073055022,purchase,groceries,2024-02-11 06:00:00,Miami,0
1708,315,48.91279171495503,transfer,restaurant,2024-02-11 07:00:00,New York,0
1814,246,71.93559716560313,transfer,restaurant,2024-02-11 08:00:00,Los Angeles,0
1920,435,28.869407530569823,purchase,online,2024-02-11 09:00:00,New York,0
1449,267,41.85421433947308,transfer,travel,2024-02-11 10:00:00,Houston,0
1009,191,96.19669529794814,withdrawal,online,2024-02-11 11:00:00,Chicago,0
1823,452,3876.9808023033274,transfer,travel,2024-02-11 12:00:00,Los Angeles,1
1797,158,32.14263980932782,purchase,travel,2024-02-11 13:00:00,Houston,0
1241,158,44.08192770424321,withdrawal,restaurant,2024-02-11 14:00:00,Houston,0
1250,403,98.08554976337119,purchase,online,2024-02-11 15:00:00,Houston,0
